id;description;email
1;User-friendly;Donnie_Pfannerstill70@gmail.com
2;Fantastic Cotton Sausages port Glen;Timmothy.Kemmer@gmail.com
3;utilisation Trafficway e-tailers;Saul_Emard@yahoo.com
4;quantify Berkshire Won;Keeley.Murphy@hotmail.com
5;SCSI Springs;Coleman_Bernier57@yahoo.com
6;hack;Ila_Gleichner8@hotmail.com
7;Technician;Lucius_Romaguera@hotmail.com
8;virtual transmitting Zambia;Donnell.Crooks@gmail.com
9;Awesome;Ellen_Greenholt@hotmail.com
10;hard drive Generic systematic;Leo_Lehner@gmail.com
